rank,id,doi,total_size_bytes,n_files,keywords,title,url
1,20195785,10.5281/zenodo.20195785,892104647,1,"traits, active","Global Biotic Interactions: GloBI, the associations resource",https://zenodo.org/records/20195785
2,13318062,10.5281/zenodo.13318062,326267433,1,"traits, active",Metrics: BHL data coverage,https://zenodo.org/records/13318062
3,17151085,10.5281/zenodo.17151085,232558642,1,"traits, active",GBIF data summaries: GBIF national node type records: UK,https://zenodo.org/records/17151085
4,13795618,10.5281/zenodo.13795618,190581721,1,"traits, active",Metrics: GBIF data coverage,https://zenodo.org/records/13795618
5,20133495,10.5281/zenodo.20133495,183730138,1,"traits, active",National Museum of Natural History Type Data: NMNH type specimens,https://zenodo.org/records/20133495
6,13313709,10.5281/zenodo.13313709,134579834,1,"traits, active",OBIS: OBIS environmental data records,https://zenodo.org/records/13313709
7,16931434,10.5281/zenodo.16931434,123335327,1,"traits, geography, active, textmining",TreatmentBank,https://zenodo.org/records/16931434
8,20059160,10.5281/zenodo.20059160,116048033,1,"traits, active",Paleobiology Database (PBDB),https://zenodo.org/records/20059160
9,19081476,10.5281/zenodo.19081476,99373480,1,"traits, active",GBIF data summaries: GBIF national node type records: France,https://zenodo.org/records/19081476
10,19081151,10.5281/zenodo.19081151,90098259,1,"traits, active",GBIF data summaries: GBIF national node type records: Germany,https://zenodo.org/records/19081151
11,19081948,10.5281/zenodo.19081948,76586744,1,"traits, active",GBIF data summaries: GBIF national node type records: Brazil,https://zenodo.org/records/19081948
12,13318042,10.5281/zenodo.13318042,63691865,1,"traits, active",Metrics: iNaturalist data coverage,https://zenodo.org/records/13318042
13,13318064,10.5281/zenodo.13318064,57204877,1,"traits, active",Metrics: NCBI data coverage,https://zenodo.org/records/13318064
14,19082544,10.5281/zenodo.19082544,48688303,1,"traits, active",GBIF data summaries: GBIF national node type records: Sweden,https://zenodo.org/records/19082544
15,13318058,10.5281/zenodo.13318058,42504919,1,"traits, active",Metrics: BOLDS data coverage,https://zenodo.org/records/13318058
16,19011682,10.5281/zenodo.19011682,37390981,1,"traits, descriptions, media, active, textmining",FishBase,https://zenodo.org/records/19011682
17,15594425,10.5281/zenodo.15594425,31956630,1,"traits, active",TRY database summary,https://zenodo.org/records/15594425
18,20646743,10.5281/zenodo.20646743,30874711,1,"traits, active",USDA PLANTS structured data DwCA,https://zenodo.org/records/20646743
19,20183510,10.5281/zenodo.20183510,29820715,1,"media, traits, active",Harvard Museum of Comparative Zoology,https://zenodo.org/records/20183510
20,19027382,10.5281/zenodo.19027382,26603463,2,"traits, geography, media, active, textmining",Antweb: AntWeb,https://zenodo.org/records/19027382
21,17966270,10.5281/zenodo.17966270,26310655,1,"traits, active, textmining",Wikipedia: Wikipedia English - traits (inferred records),https://zenodo.org/records/17966270
22,13318060,10.5281/zenodo.13318060,16317660,1,"traits, active",Metrics: GGBN data coverage,https://zenodo.org/records/13318060
23,15020541,10.5281/zenodo.15020541,16171505,1,"traits, geography, descriptions, active, textmining",North American Flora: North American Flora - ALL,https://zenodo.org/records/15020541
24,16933849,10.5281/zenodo.16933849,6510720,1,"traits, media, active, textmining",Animal Diversity Web: ADW Traits & image objects from Quaardvark Tool,https://zenodo.org/records/16933849
25,13315719,10.5281/zenodo.13315719,6480988,1,"traits, active","Plant forms, habitat and distribution: plant forms, habitat and distribution",https://zenodo.org/records/13315719
26,20367900,10.5281/zenodo.20367900,6415773,1,"media, descriptions, geography, active, traits, textmining",Zookeys: ZooKeys (20) DwCA,https://zenodo.org/records/20367900
27,13312751,10.5281/zenodo.13312751,6394477,1,"media, active, traits",Femorale,https://zenodo.org/records/13312751
28,19081550,10.5281/zenodo.19081550,4714928,1,"traits, active",GBIF data summaries: GBIF national node type records: Netherlands,https://zenodo.org/records/19081550
29,13312749,10.5281/zenodo.13312749,4672465,1,"traits, active",Shelled animal body mass,https://zenodo.org/records/13312749
30,15549295,10.5281/zenodo.15549295,4387728,1,"active, traits, textmining",AmphibiaWeb: AmphibiaWeb text w/traits based on Pensoft Annotator,https://zenodo.org/records/15549295
31,13313740,10.5281/zenodo.13313740,2978326,1,"traits, active",PanTHERIA,https://zenodo.org/records/13313740
32,16981864,10.5281/zenodo.16981864,2686160,1,"traits, active",Polytraits,https://zenodo.org/records/16981864
33,15039847,10.5281/zenodo.15039847,2590562,1,"traits, geography, descriptions, active, textmining",Memoirs of the American Entomological Society,https://zenodo.org/records/15039847
34,13323130,10.5281/zenodo.13323130,1840961,1,"traits, active",Brose et al,https://zenodo.org/records/13323130
35,13323186,10.5281/zenodo.13323186,1733960,1,"descriptions, traits, active",eBird/Clements checklist of birds of the world: Version 6.9,https://zenodo.org/records/13323186
36,13316331,10.5281/zenodo.13316331,1698153,1,"traits, active",AnAge,https://zenodo.org/records/13316331
37,13322693,10.5281/zenodo.13322693,1635196,1,"traits, active","Chen and Moles, 2015",https://zenodo.org/records/13322693
38,20321835,10.5281/zenodo.20321835,1544077,1,"traits, active, textmining",Smithsonian Contributions Series: Smithsonian Contributions to Botany,https://zenodo.org/records/20321835
39,13319112,10.5281/zenodo.13319112,1426547,1,"traits, active",FAO Fishery Statistics,https://zenodo.org/records/13319112
40,13318068,10.5281/zenodo.13318068,1364273,1,"traits, active",GBIF elevation data,https://zenodo.org/records/13318068
41,13313568,10.5281/zenodo.13313568,958026,1,"traits, active",National Wetland Plant List: National Wetland Plant List 2016,https://zenodo.org/records/13313568
42,17633934,10.5281/zenodo.17633934,845252,1,"traits, active, taxonomic inference",Kubitzki et al,https://zenodo.org/records/17633934
43,13320905,10.5281/zenodo.13320905,820579,1,"taxonomic inference, textmining, traits, active",Habitat data for fungi,https://zenodo.org/records/13320905
44,16986787,10.5281/zenodo.16986787,790439,1,"traits, active",Rotifer World Catalog: Type data & habitat info,https://zenodo.org/records/16986787
45,13315733,10.5281/zenodo.13315733,744237,1,"traits, active",Tree carbon estimates,https://zenodo.org/records/13315733
46,13320118,10.5281/zenodo.13320118,727907,1,"traits, active",The US National Vegetation Classification (USNVC),https://zenodo.org/records/13320118
47,13319411,10.5281/zenodo.13319411,655221,1,"traits, active",NMNH Primate measurements: NMNH Primate Measurements,https://zenodo.org/records/13319411
48,14646717,10.5281/zenodo.14646717,644711,1,"taxonomic inference, textmining, traits, active",Trophic guild data for fungi,https://zenodo.org/records/14646717
49,13319595,10.5281/zenodo.13319595,611711,1,"traits, active",The European Vegetation Archive (EVA),https://zenodo.org/records/13319595
50,15092385,10.5281/zenodo.15092385,537359,1,traits,Spreadsheet template for Nematoda trophic traits (Hodda 2022),https://zenodo.org/records/15092385
51,13316307,10.5281/zenodo.13316307,499687,1,"traits, active",Crustacean body sizes,https://zenodo.org/records/13316307
52,14647411,10.5281/zenodo.14647411,443161,1,"taxonomic inference, textmining, traits, active",Fungi ecomorphological trait data,https://zenodo.org/records/14647411
53,13315739,10.5281/zenodo.13315739,435600,1,"traits, active",Milk Chemical Data: Milk Composition of Non-Dairy Animals,https://zenodo.org/records/13315739
54,13322441,10.5281/zenodo.13322441,413378,1,"traits, active",Global Wood Density Database,https://zenodo.org/records/13322441
55,13320893,10.5281/zenodo.13320893,404381,1,"taxonomic inference, traits, active",Cellularity & Growth Form Data Version April 2023,https://zenodo.org/records/13320893
56,13319716,10.5281/zenodo.13319716,395796,1,"traits, active",ECOCROP,https://zenodo.org/records/13319716
57,13320929,10.5281/zenodo.13320929,382778,1,"textmining, traits, active",Invertebrate Phenology,https://zenodo.org/records/13320929
58,13315851,10.5281/zenodo.13315851,379759,1,"active, traits","Hone et al, 2013: avian data",https://zenodo.org/records/13315851
59,16817406,10.5281/zenodo.16817406,352778,1,"traits, active",Palm Traits 1.0,https://zenodo.org/records/16817406
60,13316359,10.5281/zenodo.13316359,341513,1,"traits, active",McClain Bivalve Sizes,https://zenodo.org/records/13316359
61,15164488,10.5281/zenodo.15164488,333513,1,"traits, active","Olenina et al, 2006",https://zenodo.org/records/15164488
62,15414954,10.5281/zenodo.15414954,325332,1,traits,Spreadsheet template for Xenacoelomorpha traits,https://zenodo.org/records/15414954
63,13319679,10.5281/zenodo.13319679,314329,1,"traits, active",Fire Effects Information System: FEIS Invasiveness (structured data) (750) in DwCA,https://zenodo.org/records/13319679
64,13318995,10.5281/zenodo.13318995,309017,1,"traits, active",Parasitic Plants Database,https://zenodo.org/records/13318995
65,13316357,10.5281/zenodo.13316357,298433,1,"traits, active","Macroecological database of mammalian body mass: Smith et al, 2011",https://zenodo.org/records/13316357
66,13319086,10.5281/zenodo.13319086,298245,1,"traits, active",FAOSTAT,https://zenodo.org/records/13319086
67,13320933,10.5281/zenodo.13320933,250936,1,"textmining, traits, active",Habitat data for aquatic invertebrates,https://zenodo.org/records/13320933
68,13312747,10.5281/zenodo.13312747,228832,1,"traits, active",Bivalve body mass: Body mass bivalves,https://zenodo.org/records/13312747
69,13312631,10.5281/zenodo.13312631,217349,1,"traits, media, descriptions, active",CoralReefFish,https://zenodo.org/records/13312631
70,13320943,10.5281/zenodo.13320943,210927,1,"taxonomic inference, traits, active",Arthropod Trophic Ecology Data,https://zenodo.org/records/13320943
71,13312770,10.5281/zenodo.13312770,209432,1,"traits, active",US Fish and Wildlife Service Endangered Species Listings,https://zenodo.org/records/13312770
72,13315855,10.5281/zenodo.13315855,204031,1,"active, traits","Hone et al, 2013",https://zenodo.org/records/13315855
73,13315833,10.5281/zenodo.13315833,185696,1,"traits, active","Sibly et al, 2012",https://zenodo.org/records/13315833
74,13320513,10.5281/zenodo.13320513,155147,1,"textmining, traits, active",Body Size Data for North American Hemiptera,https://zenodo.org/records/13320513
75,13313925,10.5281/zenodo.13313925,150159,1,"traits, active","Marshall et al, 2012",https://zenodo.org/records/13313925
76,13319635,10.5281/zenodo.13319635,146199,1,"traits, active",Canadian National Vegetation Classification (CNVC),https://zenodo.org/records/13319635
77,13320583,10.5281/zenodo.13320583,144571,1,"taxonomic inference, traits, active",Habitat data for microbial organisms,https://zenodo.org/records/13320583
78,13312780,10.5281/zenodo.13312780,143407,1,"traits, active",MammalDIET,https://zenodo.org/records/13312780
79,13322457,10.5281/zenodo.13322457,140302,1,"traits, active",Shaw Nature Reserve - A division of the Missouri Botanical Garden: Lily Database,https://zenodo.org/records/13322457
80,13313756,10.5281/zenodo.13313756,137168,1,"traits, active","Leblanc et al, 2012",https://zenodo.org/records/13313756
81,13319554,10.5281/zenodo.13319554,133429,1,"traits, active","Anderson and Wiens, 2017",https://zenodo.org/records/13319554
82,13320603,10.5281/zenodo.13320603,131030,1,"traits, active","literature body sizes, metazoa",https://zenodo.org/records/13320603
83,13315817,10.5281/zenodo.13315817,118605,1,"traits, active","Hershkovitz Y., V. Dahm, A.W. Lorenz and D. Hering (2015)",https://zenodo.org/records/13315817
84,17553181,10.5281/zenodo.17553181,113512,1,"traits, geography",Coral Reef Fishes of Indonesia,https://zenodo.org/records/17553181
85,13318999,10.5281/zenodo.13318999,109553,1,"traits, active","Sabath et al, 2016",https://zenodo.org/records/13318999
86,13319399,10.5281/zenodo.13319399,107226,1,"traits, active","Moss et al, 2016",https://zenodo.org/records/13319399
87,13315831,10.5281/zenodo.13315831,104515,1,"EOL Content Partners: Gymnodiniales, active, traits",Gymnodiniales: Gymnodiniales Traits,https://zenodo.org/records/13315831
88,17370587,10.5281/zenodo.17370587,89616,1,"traits, active","Robertson & Tornabene, 2020",https://zenodo.org/records/17370587
89,14890021,10.5281/zenodo.14890021,88061,1,"traits, geography, descriptions, media, active, textmining",Deutsche Entomologische Zeitschrift: Deutsche Entomologische Zeitschrift (792),https://zenodo.org/records/14890021
90,13320497,10.5281/zenodo.13320497,86204,1,"textmining, traits, active",Body Length Data for North American Beetles,https://zenodo.org/records/13320497
91,13320589,10.5281/zenodo.13320589,85956,1,"textmining, traits, active",Body Size Data for North American Spiders,https://zenodo.org/records/13320589
92,13320567,10.5281/zenodo.13320567,85493,1,"taxonomic inference, traits, active",Microbe Ecomorphological Guilds,https://zenodo.org/records/13320567
93,15843928,10.5281/zenodo.15843928,79781,1,"traits, active, taxonomic inference","Brusca and Brusca, 2003",https://zenodo.org/records/15843928
94,13316303,10.5281/zenodo.13316303,79053,1,"traits, active",Scleractinia lifestyle,https://zenodo.org/records/13316303
95,13333278,10.5281/zenodo.13333278,73502,1,"traits, active","O__Brien et al, 2013",https://zenodo.org/records/13333278
96,13321623,10.5281/zenodo.13321623,72904,1,"taxonomic inference, traits, active",Trophic guild data for microbial eukaryotes,https://zenodo.org/records/13321623
97,13320867,10.5281/zenodo.13320867,65842,1,"textmining, traits, active",Body Size Data for North American Orthopteroid Insects,https://zenodo.org/records/13320867
98,15325019,10.5281/zenodo.15325019,62108,1,"traits, active, taxonomic inference",marine ecology literature: marine ecology lit v5,https://zenodo.org/records/15325019
99,13318989,10.5281/zenodo.13318989,60625,1,"traits, active",Carnivorous Plants Database,https://zenodo.org/records/13318989
100,13319558,10.5281/zenodo.13319558,59506,1,"traits, active","Vidan et al, 2017",https://zenodo.org/records/13319558
101,13315823,10.5281/zenodo.13315823,58560,1,"EOL Content Partners: Bergtold, 1917, active, traits","Bergtold, 1917",https://zenodo.org/records/13315823
102,13320961,10.5281/zenodo.13320961,58056,1,"traits, active","Schack et al, 2020",https://zenodo.org/records/13320961
103,13322451,10.5281/zenodo.13322451,56633,1,"traits, active",American Insects: American Insects- body length,https://zenodo.org/records/13322451
104,13316105,10.5281/zenodo.13316105,55326,1,"traits, active","Sal et al, 2013",https://zenodo.org/records/13316105
105,13320563,10.5281/zenodo.13320563,54679,1,"textmining, NLP, traits, active",Saproxylic Organisms,https://zenodo.org/records/13320563
106,13313953,10.5281/zenodo.13313953,54095,1,"traits, active","Edwards et al, 2015: Edwards et al",https://zenodo.org/records/13313953
107,13320553,10.5281/zenodo.13320553,52408,1,"textmining, traits, active",Body Length Data for North American Syrphidae & Tabanidae,https://zenodo.org/records/13320553
108,14890011,10.5281/zenodo.14890011,51362,1,"traits, geography, media, descriptions, active, textmining",Zoosystematics and Evolution: Zoosystematics and Evolution (834),https://zenodo.org/records/14890011
109,13319597,10.5281/zenodo.13319597,48179,1,"traits, active",COSEWIC,https://zenodo.org/records/13319597
110,13316343,10.5281/zenodo.13316343,47668,1,"traits, active","Matishov et al, 2000",https://zenodo.org/records/13316343
111,13320925,10.5281/zenodo.13320925,43816,1,"taxonomic inference, traits, active",Wolfgang Bettighofer Amoebozoa Trait Data,https://zenodo.org/records/13320925
112,19859937,10.5281/zenodo.19859937,38236,1,"traits, active","Lobel and Lobel, 2004",https://zenodo.org/records/19859937
113,15312111,10.5281/zenodo.15312111,38175,1,"traits, active","Benedetti et al, 2015",https://zenodo.org/records/15312111
114,13313787,10.5281/zenodo.13313787,37973,1,"traits, active","Wright et al, 2014",https://zenodo.org/records/13313787
115,13313696,10.5281/zenodo.13313696,37427,1,"traits, active","Symonds and Tattersall, 2010",https://zenodo.org/records/13313696
116,13320953,10.5281/zenodo.13320953,37180,1,"traits, active, taxonomic inference",Mineralogy v3,https://zenodo.org/records/13320953
117,13316109,10.5281/zenodo.13316109,36173,1,"traits, active","Appeltans et al, 2012: Appeltans et al",https://zenodo.org/records/13316109
118,13320897,10.5281/zenodo.13320897,34903,1,"traits, active, taxonomic inference","Kawahara et al, 2019",https://zenodo.org/records/13320897
119,13322455,10.5281/zenodo.13322455,31774,1,"traits, active","Female Passerine Singing Behavior from Odom et al. 2013: Odom et al, 2014",https://zenodo.org/records/13322455
120,13321957,10.5281/zenodo.13321957,30447,1,"traits, active","Herring, 1987",https://zenodo.org/records/13321957
121,13320337,10.5281/zenodo.13320337,30351,1,"traits, active, taxonomic inference","Queirós et al, 2013",https://zenodo.org/records/13320337
122,19859526,10.5281/zenodo.19859526,29007,1,"traits, active","Fourriére et al, 2014",https://zenodo.org/records/19859526
123,13315861,10.5281/zenodo.13315861,28629,1,"traits, active",Washington Bird Phenology,https://zenodo.org/records/13315861
124,13313762,10.5281/zenodo.13313762,28510,1,"traits, active","EOL images, flower color study: Flower color study, EOL images",https://zenodo.org/records/13313762
125,16817057,10.5281/zenodo.16817057,26431,1,"traits, active","McDaniel et al, 2012",https://zenodo.org/records/16817057
126,13315717,10.5281/zenodo.13315717,26339,1,"traits, active","Barton, Finkel et al, 2013",https://zenodo.org/records/13315717
127,19859188,10.5281/zenodo.19859188,26078,1,"traits, active","Chabanet et al, 2012",https://zenodo.org/records/19859188
128,13319475,10.5281/zenodo.13319475,25306,1,"traits, active, taxonomic inference","Pereyra et al, 2016",https://zenodo.org/records/13319475
129,13313949,10.5281/zenodo.13313949,24971,1,"traits, active",Widdicombe et al 2010,https://zenodo.org/records/13313949
130,13318203,10.5281/zenodo.13318203,24562,1,"traits, active",Phenoscape Catfish Fin Shapes,https://zenodo.org/records/13318203
131,13320903,10.5281/zenodo.13320903,23874,1,"taxonomic inference, traits, active",Insect Wings,https://zenodo.org/records/13320903
132,14890005,10.5281/zenodo.14890005,23114,1,"geography, traits, media, descriptions, active, textmining",Nota Lepidopterologica: Nota Lepidopterologica (798),https://zenodo.org/records/14890005
133,13319556,10.5281/zenodo.13319556,22020,1,"traits, active","Feldman and Meiri, 2014",https://zenodo.org/records/13319556
134,16817184,10.5281/zenodo.16817184,20670,1,"active, traits","Lukas, D. and Clutton-Brock, T. 2014: Lukas and Clutton-Brock, 2014",https://zenodo.org/records/16817184
135,19859392,10.5281/zenodo.19859392,20399,1,"traits, active","Floeter et al, 2003",https://zenodo.org/records/19859392
136,18210682,10.5281/zenodo.18210682,20146,1,"traits, active, geography","Winston, 1986",https://zenodo.org/records/18210682
137,13319375,10.5281/zenodo.13319375,19381,1,"traits, active","Proudlove, 2020",https://zenodo.org/records/13319375
138,13313776,10.5281/zenodo.13313776,19035,1,"traits, active",Lovegrove 2014,https://zenodo.org/records/13313776
139,19860153,10.5281/zenodo.19860153,18095,1,"traits, active","Satapoomin, 2000",https://zenodo.org/records/19860153
140,13319621,10.5281/zenodo.13319621,18029,1,"traits, geography, active",Kāneʻohe Bay Bioblitz,https://zenodo.org/records/13319621
141,13316319,10.5281/zenodo.13316319,17905,1,"traits, active","Fairbairn, 2013",https://zenodo.org/records/13316319
142,13320230,10.5281/zenodo.13320230,16532,1,"traits, active","Swain et al, 2016",https://zenodo.org/records/13320230
143,18210671,10.5281/zenodo.18210671,16170,1,"traits, active","Cheng et al, 2016",https://zenodo.org/records/18210671
144,19859820,10.5281/zenodo.19859820,15892,1,"traits, active","Lobban et al, 2012",https://zenodo.org/records/19859820
145,13319566,10.5281/zenodo.13319566,15080,1,"traits, active, taxonomic inference","Gamble et al, 2015",https://zenodo.org/records/13319566
146,13318213,10.5281/zenodo.13318213,14529,1,"traits, active","Hughes, 1987",https://zenodo.org/records/13318213
147,14947779,10.5281/zenodo.14947779,14258,1,"traits, active, taxonomic inference",Rockwell et al 2014,https://zenodo.org/records/14947779
148,13315705,10.5281/zenodo.13315705,12947,1,"traits, active",Copepod sizes,https://zenodo.org/records/13315705
149,13320437,10.5281/zenodo.13320437,12207,1,"traits, active, taxonomic inference","Gwynne, 2001",https://zenodo.org/records/13320437
150,13315731,10.5281/zenodo.13315731,11535,1,"traits, active","Reid et al, 2012",https://zenodo.org/records/13315731
151,13313919,10.5281/zenodo.13313919,11466,1,"traits, active",calcification rates: Calcification rates,https://zenodo.org/records/13313919
152,13315853,10.5281/zenodo.13315853,11020,1,"traits, active","Hone et al, 2013: Pterosaur Data",https://zenodo.org/records/13315853
153,13312794,10.5281/zenodo.13312794,10289,1,"traits, active",Texas Natural Diversity Database: Listed Species in Texas,https://zenodo.org/records/13312794
154,13322681,10.5281/zenodo.13322681,10205,1,"traits, active","White and Seymour, 2014",https://zenodo.org/records/13322681
155,13320427,10.5281/zenodo.13320427,9523,1,"traits, active","Martins et al, 2008",https://zenodo.org/records/13320427
156,19859613,10.5281/zenodo.19859613,9437,1,"traits, active","Jawad et al, 2018",https://zenodo.org/records/19859613
157,13312778,10.5281/zenodo.13312778,9403,1,"traits, active","Barton, Pershing et al, 2013",https://zenodo.org/records/13312778
158,13320487,10.5281/zenodo.13320487,9091,1,"traits, active, taxonomic inference","Massard and Geimer, 2008",https://zenodo.org/records/13320487
159,21461784,10.5281/zenodo.21461784,8991,1,"traits, active","Zarco Perello, Moreno Mendoza and Simões, 2014",https://zenodo.org/records/21461784
160,13319647,10.5281/zenodo.13319647,8725,1,"traits, active, taxonomic inference","Lafferty and Shaw, 2013",https://zenodo.org/records/13319647
161,13319197,10.5281/zenodo.13319197,8331,1,"traits, active","Miller and Pawson, 1990",https://zenodo.org/records/13319197
162,19859690,10.5281/zenodo.19859690,8144,1,"traits, active","Kendrick and Rule, 2014",https://zenodo.org/records/19859690
163,13319505,10.5281/zenodo.13319505,8138,1,"traits, active, taxonomic inference","Dooling et al, 2000",https://zenodo.org/records/13319505
164,13320114,10.5281/zenodo.13320114,8056,1,"traits, active, taxonomic inference","Noguchi et al, 2006",https://zenodo.org/records/13320114
165,13319435,10.5281/zenodo.13319435,7926,1,"traits, active, taxonomic inference","Land and Fernald, 1992",https://zenodo.org/records/13319435
166,13319098,10.5281/zenodo.13319098,7805,1,"traits, active","Ojasti, 1996",https://zenodo.org/records/13319098
167,13319387,10.5281/zenodo.13319387,7623,1,"traits, active, taxonomic inference","Syme and Oakley, 2012",https://zenodo.org/records/13319387
168,13319439,10.5281/zenodo.13319439,7587,1,"traits, active, taxonomic inference","Bitsch, 2005",https://zenodo.org/records/13319439
169,13320453,10.5281/zenodo.13320453,7374,1,"traits, active, taxonomic inference","Desutter-Grandcolas, 1995",https://zenodo.org/records/13320453
170,13312611,10.5281/zenodo.13312611,7282,1,"traits, active","Record et al, 2018; copepodid diapause",https://zenodo.org/records/13312611
171,13319028,10.5281/zenodo.13319028,7165,1,"traits, active","Stewart, 1970",https://zenodo.org/records/13319028
172,13319074,10.5281/zenodo.13319074,7140,1,"traits, active","Keller et al, 1989",https://zenodo.org/records/13319074
173,13319580,10.5281/zenodo.13319580,7117,1,"traits, active","Da Silva et al, 2020",https://zenodo.org/records/13319580
174,13319487,10.5281/zenodo.13319487,6874,1,"traits, active, taxonomic inference","Ladich and Popper, 2004",https://zenodo.org/records/13319487
175,13319457,10.5281/zenodo.13319457,6873,1,"traits, active, taxonomic inference","Bok et al, 2016",https://zenodo.org/records/13319457
176,13321483,10.5281/zenodo.13321483,6443,1,"traits, active","Faubel and Kolasa, 1978",https://zenodo.org/records/13321483
177,13320241,10.5281/zenodo.13320241,6288,1,"traits, active, taxonomic inference","Necchi, 2016",https://zenodo.org/records/13320241
178,13319499,10.5281/zenodo.13319499,6226,1,"traits, active, taxonomic inference","Yager, 1999",https://zenodo.org/records/13319499
179,13320963,10.5281/zenodo.13320963,6218,1,"traits, active, taxonomic inference","Salvini-Plawen and Mayr, 1977",https://zenodo.org/records/13320963
180,13320975,10.5281/zenodo.13320975,6131,1,"traits, active, taxonomic inference","Shenkar et al, 2011",https://zenodo.org/records/13320975
181,13320467,10.5281/zenodo.13320467,6046,1,"traits, active, taxonomic inference","Achatz et al, 2013",https://zenodo.org/records/13320467
182,18210677,10.5281/zenodo.18210677,6044,1,"traits, geography, active","Hernandez et al, 2009",https://zenodo.org/records/18210677
183,13319369,10.5281/zenodo.13319369,5819,1,"traits, active, taxonomic inference","Nilsson, 1983",https://zenodo.org/records/13319369
184,13319207,10.5281/zenodo.13319207,5806,1,"traits, active","Jennings et al, 2010",https://zenodo.org/records/13319207
185,13319497,10.5281/zenodo.13319497,5794,1,"traits, active, taxonomic inference","Triblehorn and Yager, 2001",https://zenodo.org/records/13319497
186,19698576,10.5281/zenodo.19698576,5689,1,"traits, active","Ahyong and Erdmann, 2003",https://zenodo.org/records/19698576
187,13319038,10.5281/zenodo.13319038,5681,1,"traits, active, taxonomic inference","Santi et al, 2013",https://zenodo.org/records/13319038
188,13319469,10.5281/zenodo.13319469,5671,1,"traits, active, taxonomic inference","Eick et al, 2005",https://zenodo.org/records/13319469
189,13320191,10.5281/zenodo.13320191,5665,1,"traits, active, taxonomic inference","Namigai et al, 2014",https://zenodo.org/records/13320191
190,13319012,10.5281/zenodo.13319012,5491,1,"traits, active, taxonomic inference",Woodward et al 2016,https://zenodo.org/records/13319012
191,13319467,10.5281/zenodo.13319467,5418,1,"traits, active, taxonomic inference","Price et al, 2005",https://zenodo.org/records/13319467
192,13319441,10.5281/zenodo.13319441,5366,1,"traits, active","Palmer et al, 2017",https://zenodo.org/records/13319441
193,13319046,10.5281/zenodo.13319046,5361,1,"traits, active","Ashihara et al, 2008",https://zenodo.org/records/13319046
194,13319501,10.5281/zenodo.13319501,5357,1,"traits, active, taxonomic inference","Hu et al, 2009",https://zenodo.org/records/13319501
195,13319082,10.5281/zenodo.13319082,5347,1,"traits, active",Yoch 2002,https://zenodo.org/records/13319082
196,13319451,10.5281/zenodo.13319451,5323,1,"traits, active, taxonomic inference","Zieger and Meyer-Rochow, 2008",https://zenodo.org/records/13319451
197,13319076,10.5281/zenodo.13319076,5306,1,"traits, active","Kanda and Tsuruta, 1995",https://zenodo.org/records/13319076
198,13320307,10.5281/zenodo.13320307,5300,1,"traits, active, taxonomic inference","Cameron et al, 2000",https://zenodo.org/records/13320307
199,13319231,10.5281/zenodo.13319231,5296,1,"traits, active, taxonomic inference","Hessler, 1981",https://zenodo.org/records/13319231
200,13319389,10.5281/zenodo.13319389,5216,1,"traits, active, taxonomic inference","Picciani et al, 2018",https://zenodo.org/records/13319389
201,13320383,10.5281/zenodo.13320383,5117,1,"traits, active, taxonomic inference","Chan, 2010",https://zenodo.org/records/13320383
202,13319015,10.5281/zenodo.13319015,5103,1,"traits, active, taxonomic inference",Madigan and Jung 2008,https://zenodo.org/records/13319015
203,13320201,10.5281/zenodo.13320201,5046,1,"traits, active, taxonomic inference","Schilthuizen and Davison, 2005",https://zenodo.org/records/13320201
204,13319669,10.5281/zenodo.13319669,4997,1,"taxonomic inference, traits, active",Insect Development,https://zenodo.org/records/13319669
205,13319096,10.5281/zenodo.13319096,4886,1,"traits, active","Hanotte and Mensah, 2002",https://zenodo.org/records/13319096
206,13946150,10.5281/zenodo.13946150,4862,1,"traits, active","DeLeo, Danielle et al. (2024)",https://zenodo.org/records/13946150
207,13319213,10.5281/zenodo.13319213,4847,1,"traits, active, taxonomic inference","Baumiller and Messing, 2007",https://zenodo.org/records/13319213
208,13319453,10.5281/zenodo.13319453,4828,1,"traits, active","Ruhberg and Hamera, 2005",https://zenodo.org/records/13319453
209,13319574,10.5281/zenodo.13319574,4795,1,"traits, active, taxonomic inference","Schmitz and Motani, 2011",https://zenodo.org/records/13319574
210,19860191,10.5281/zenodo.19860191,4782,1,"traits, active","Winfield, Abarca-Arenas and Chazaro-Olvera, 2007",https://zenodo.org/records/19860191
211,13319471,10.5281/zenodo.13319471,4772,1,"traits, active, taxonomic inference","Young, 1997",https://zenodo.org/records/13319471
212,13320305,10.5281/zenodo.13320305,4766,1,"traits, active, taxonomic inference","Pettibone, 1982",https://zenodo.org/records/13320305
213,13319449,10.5281/zenodo.13319449,4745,1,"traits, taxonomic inference, active","Moseley, 1885",https://zenodo.org/records/13319449
214,13320345,10.5281/zenodo.13320345,4742,1,"traits, active, taxonomic inference","Von Konrat et al, 2008",https://zenodo.org/records/13320345
215,13319459,10.5281/zenodo.13319459,4736,1,"traits, active, taxonomic inference","Lapshin and Vorontsov, 2009",https://zenodo.org/records/13319459
216,13320430,10.5281/zenodo.13320430,4699,1,"traits, active, taxonomic inference","Fornoff et al, 2012",https://zenodo.org/records/13320430
217,13319521,10.5281/zenodo.13319521,4637,1,"traits, active, taxonomic inference","Dittami et al, 2017",https://zenodo.org/records/13319521
218,13319463,10.5281/zenodo.13319463,4609,1,"traits, active, taxonomic inference","Geisler et al, 2014",https://zenodo.org/records/13319463
219,13319489,10.5281/zenodo.13319489,4605,1,"traits, active","Christensen, Christensen-Dalsgaard and Madsen 2015: Christensen et al, 2015",https://zenodo.org/records/13319489
220,13319267,10.5281/zenodo.13319267,4602,1,"traits, active, taxonomic inference","Maddison et al, 2019",https://zenodo.org/records/13319267
221,13319483,10.5281/zenodo.13319483,4580,1,"traits, active","Womack et al, 2017",https://zenodo.org/records/13319483
222,13319491,10.5281/zenodo.13319491,4574,1,"traits, active, taxonomic inference","Budelmann, 1992",https://zenodo.org/records/13319491
223,13319511,10.5281/zenodo.13319511,4552,1,"traits, active, taxonomic inference","Christensen et al, 2015",https://zenodo.org/records/13319511
224,13319427,10.5281/zenodo.13319427,4548,1,"traits, active, taxonomic inference",Nebelsick 1992,https://zenodo.org/records/13319427
225,13319479,10.5281/zenodo.13319479,4525,1,"traits, active, taxonomic inference","Lindquist et al, 1998",https://zenodo.org/records/13319479
226,13319250,10.5281/zenodo.13319250,4517,1,"traits, active, taxonomic inference","Moore and Gibson, 1985",https://zenodo.org/records/13319250
227,13319576,10.5281/zenodo.13319576,4487,1,"traits, active, taxonomic inference","Borges et al, 2016",https://zenodo.org/records/13319576
228,13319473,10.5281/zenodo.13319473,4474,1,"traits, active, taxonomic inference","Vater et al, 2004",https://zenodo.org/records/13319473
229,13319186,10.5281/zenodo.13319186,4472,1,"traits, active, taxonomic inference","Kristan, 2019",https://zenodo.org/records/13319186
230,13320485,10.5281/zenodo.13320485,4453,1,"traits, active, taxonomic inference","Kaulfuss et al, 2013",https://zenodo.org/records/13320485
231,13319485,10.5281/zenodo.13319485,4421,1,"traits, active, taxonomic inference","Wever, 1975",https://zenodo.org/records/13319485
232,13319042,10.5281/zenodo.13319042,4420,1,"traits, active, taxonomic inference","Sprent, 2008",https://zenodo.org/records/13319042
233,13319481,10.5281/zenodo.13319481,4404,1,"traits, active","Boistel et al, 2013",https://zenodo.org/records/13319481
234,13319339,10.5281/zenodo.13319339,4372,1,"traits, active, taxonomic inference","Elofsson, 1966",https://zenodo.org/records/13319339
235,13319564,10.5281/zenodo.13319564,4360,1,"traits, active","Fabre et al, 2016",https://zenodo.org/records/13319564
236,13319613,10.5281/zenodo.13319613,4315,1,"traits, active, taxonomic inference","Lewis and Taylor, 1965",https://zenodo.org/records/13319613
237,13319477,10.5281/zenodo.13319477,4313,1,"traits, active","Hetherington and Lindquist, 1999",https://zenodo.org/records/13319477
238,13320957,10.5281/zenodo.13320957,4311,1,"traits, active, taxonomic inference","GANS, 1975",https://zenodo.org/records/13320957
239,15851109,10.5281/zenodo.15851109,4308,1,"traits, active, taxonomic inference","Manconi and Pronzato, 2016",https://zenodo.org/records/15851109
240,13319337,10.5281/zenodo.13319337,4304,1,"traits, active, taxonomic inference","Burr, 1984",https://zenodo.org/records/13319337
241,15851064,10.5281/zenodo.15851064,4277,1,"traits, active, taxonomic inference","Fautin and Lowenstein, 1994",https://zenodo.org/records/15851064
242,13319263,10.5281/zenodo.13319263,4270,1,"traits, active, taxonomic inference","Bullock et al, 1983",https://zenodo.org/records/13319263
243,13319032,10.5281/zenodo.13319032,4231,1,"traits, active, taxonomic inference","Stal, 2009",https://zenodo.org/records/13319032
244,13319315,10.5281/zenodo.13319315,4189,1,"traits, active, taxonomic inference","Nilsson, 2013",https://zenodo.org/records/13319315
245,13320415,10.5281/zenodo.13320415,4148,1,"traits, active, taxonomic inference",Ankel-Simons 2008,https://zenodo.org/records/13320415
246,13319371,10.5281/zenodo.13319371,4132,1,"traits, active, taxonomic inference","Warrant et al, 2003",https://zenodo.org/records/13319371
247,15851096,10.5281/zenodo.15851096,4112,1,"traits, active, taxonomic inference","De Clippele et al, 2019",https://zenodo.org/records/15851096
248,13319350,10.5281/zenodo.13319350,4110,1,"traits, active, taxonomic inference","Nev, 1979",https://zenodo.org/records/13319350
249,13320375,10.5281/zenodo.13320375,4078,1,"traits, active, taxonomic inference","Hotchkiss, 2000",https://zenodo.org/records/13320375
250,13320421,10.5281/zenodo.13320421,4077,1,"traits, active, taxonomic inference","Saunders, 2002",https://zenodo.org/records/13320421
251,13319584,10.5281/zenodo.13319584,4075,1,"traits, active, taxonomic inference","GILBERT, 1985",https://zenodo.org/records/13319584
252,13319515,10.5281/zenodo.13319515,4069,1,"traits, active, taxonomic inference","Du et al, 2016",https://zenodo.org/records/13319515
253,13320389,10.5281/zenodo.13320389,4066,1,"traits, active, taxonomic inference",Yamano et al 2000,https://zenodo.org/records/13320389
254,13319090,10.5281/zenodo.13319090,4046,1,"traits, active","Lambio, 2012",https://zenodo.org/records/13319090
255,13319413,10.5281/zenodo.13319413,4034,1,"traits, active","Lamb et al, 1987",https://zenodo.org/records/13319413
256,13319335,10.5281/zenodo.13319335,4034,1,"traits, active, taxonomic inference","Morehouse et al, 2017",https://zenodo.org/records/13319335
257,13319525,10.5281/zenodo.13319525,4033,1,"traits, active, taxonomic inference","Delwiche and Cooper, 2015",https://zenodo.org/records/13319525
258,13319383,10.5281/zenodo.13319383,4006,1,"traits, active, taxonomic inference","Beckers et al, 2019",https://zenodo.org/records/13319383
259,13319164,10.5281/zenodo.13319164,4006,1,"traits, active, taxonomic inference","Fish, 2000",https://zenodo.org/records/13319164
260,13319021,10.5281/zenodo.13319021,3999,1,"traits, active","Madigan et al, 1984",https://zenodo.org/records/13319021
261,13319519,10.5281/zenodo.13319519,3992,1,"traits, active, taxonomic inference","Bringloe et al, 2020",https://zenodo.org/records/13319519
262,15851087,10.5281/zenodo.15851087,3988,1,"traits, active, taxonomic inference","Jankowski, et al, 2007",https://zenodo.org/records/15851087
263,13319183,10.5281/zenodo.13319183,3983,1,"traits, active, taxonomic inference","Jordan, 1992",https://zenodo.org/records/13319183
264,13320443,10.5281/zenodo.13320443,3972,1,"traits, active, taxonomic inference","McDermott, 1964",https://zenodo.org/records/13320443
265,13319341,10.5281/zenodo.13319341,3971,1,"traits, active, taxonomic inference","Greven, 2007",https://zenodo.org/records/13319341
266,13319036,10.5281/zenodo.13319036,3968,1,"traits, active, taxonomic inference","Bond, 1983",https://zenodo.org/records/13319036
267,13319354,10.5281/zenodo.13319354,3958,1,"traits, active, taxonomic inference","Vidal et al, 2010",https://zenodo.org/records/13319354
268,13319325,10.5281/zenodo.13319325,3925,1,"traits, active, taxonomic inference","Garm and Nilsson, 2014",https://zenodo.org/records/13319325
269,13319261,10.5281/zenodo.13319261,3924,1,"traits, active, taxonomic inference","Hunt, 2007: Hunt 2007",https://zenodo.org/records/13319261
270,13319313,10.5281/zenodo.13319313,3918,1,"traits, active","Mejía-Ortíz and Hartnoll, 2006",https://zenodo.org/records/13319313
271,13319269,10.5281/zenodo.13319269,3910,1,"traits, active, taxonomic inference","von Reumont et al, 2014",https://zenodo.org/records/13319269
272,13320339,10.5281/zenodo.13320339,3898,1,"traits, active, taxonomic inference",Webb 2019,https://zenodo.org/records/13320339
273,13319307,10.5281/zenodo.13319307,3897,1,"traits, active, taxonomic inference","Tsurnamal, 2008",https://zenodo.org/records/13319307
274,13319100,10.5281/zenodo.13319100,3891,1,"traits, active","Hoffman and Wiklund, 2006",https://zenodo.org/records/13319100
275,13319050,10.5281/zenodo.13319050,3887,1,"traits, active","Kretschmar and Baumann, 1999",https://zenodo.org/records/13319050
276,13319303,10.5281/zenodo.13319303,3883,1,"traits, active, taxonomic inference","Tshudy et al, 2009",https://zenodo.org/records/13319303
277,13319166,10.5281/zenodo.13319166,3878,1,"traits, active, taxonomic inference","Poinar, 2010",https://zenodo.org/records/13319166
278,13319229,10.5281/zenodo.13319229,3866,1,"traits, active, taxonomic inference","Yen, 2012",https://zenodo.org/records/13319229
279,13320475,10.5281/zenodo.13320475,3852,1,"traits, active","Gastineau at al, 2022",https://zenodo.org/records/13320475
280,13319395,10.5281/zenodo.13319395,3842,1,"traits, active, taxonomic inference","Hughes, 1970",https://zenodo.org/records/13319395
281,13319114,10.5281/zenodo.13319114,3842,1,"traits, active","Travis et al, 2017",https://zenodo.org/records/13319114
282,13319170,10.5281/zenodo.13319170,3840,1,"traits, active, taxonomic inference","Strayer et al, 2010",https://zenodo.org/records/13319170
283,13320435,10.5281/zenodo.13320435,3838,1,"traits, active, taxonomic inference","Choe and Crespi, 1997",https://zenodo.org/records/13320435
284,13319367,10.5281/zenodo.13319367,3832,1,"traits, active, taxonomic inference","Land, 1980",https://zenodo.org/records/13319367
285,13319311,10.5281/zenodo.13319311,3824,1,"traits, active, taxonomic inference","McLay, 2007",https://zenodo.org/records/13319311
286,13319190,10.5281/zenodo.13319190,3821,1,"traits, active, taxonomic inference","Smith, 1937",https://zenodo.org/records/13319190
287,15851072,10.5281/zenodo.15851072,3819,1,"traits, active, taxonomic inference","Lewis, 1982",https://zenodo.org/records/15851072
288,13320377,10.5281/zenodo.13320377,3815,1,"traits, active, taxonomic inference","Elofsson, 1965",https://zenodo.org/records/13320377
289,15851037,10.5281/zenodo.15851037,3808,1,"traits, active, taxonomic inference","Brafield, 1969",https://zenodo.org/records/15851037
290,13320381,10.5281/zenodo.13320381,3804,1,"traits, active, taxonomic inference","Genikhovich and Technau, 2017",https://zenodo.org/records/13320381
291,15851081,10.5281/zenodo.15851081,3801,1,"traits, active, taxonomic inference","Houlbrèque and Ferrier‐Pagès, 2009",https://zenodo.org/records/15851081
292,13319331,10.5281/zenodo.13319331,3801,1,"traits, active","Sumner-Rooney et al, 2020",https://zenodo.org/records/13319331
293,15851055,10.5281/zenodo.15851055,3797,1,"traits, active, taxonomic inference","Guzman, 2018",https://zenodo.org/records/15851055
294,13319193,10.5281/zenodo.13319193,3796,1,"traits, active, taxonomic inference","Clark and Hermans, 1976",https://zenodo.org/records/13319193
295,13319329,10.5281/zenodo.13319329,3789,1,"traits, active, taxonomic inference","Ullrich-Lüter et al, 2011",https://zenodo.org/records/13319329
296,13319299,10.5281/zenodo.13319299,3789,1,"traits, active, taxonomic inference","Danielopol, 1990",https://zenodo.org/records/13319299
297,13319397,10.5281/zenodo.13319397,3785,1,"traits, active, taxonomic inference","Suschenko and Purschke, 2008",https://zenodo.org/records/13319397
298,13319084,10.5281/zenodo.13319084,3785,1,"traits, active",Jardine et al 2015,https://zenodo.org/records/13319084
299,13319321,10.5281/zenodo.13319321,3784,1,"traits, active, taxonomic inference","Morton, 2000",https://zenodo.org/records/13319321
300,13319281,10.5281/zenodo.13319281,3775,1,"traits, active, taxonomic inference","Parker, 1995",https://zenodo.org/records/13319281
301,13319381,10.5281/zenodo.13319381,3772,1,"traits, active, taxonomic inference","Vodopyanov and Purschke, 2017",https://zenodo.org/records/13319381
302,13319344,10.5281/zenodo.13319344,3758,1,"traits, active, taxonomic inference","Mayer, 2006",https://zenodo.org/records/13319344
303,13320367,10.5281/zenodo.13320367,3739,1,"traits, active, taxonomic inference","Starko, 2019",https://zenodo.org/records/13320367
304,13319393,10.5281/zenodo.13319393,3739,1,"traits, active, taxonomic inference","Koppetsch et al, 2019",https://zenodo.org/records/13319393
305,13319195,10.5281/zenodo.13319195,3736,1,"traits, active, taxonomic inference","Spain, 2002",https://zenodo.org/records/13319195
306,13320199,10.5281/zenodo.13320199,3724,1,"traits, active, taxonomic inference","Grabowsky, 1994b",https://zenodo.org/records/13320199
307,13319283,10.5281/zenodo.13319283,3720,1,"traits, active, taxonomic inference","Kornicker, 1991",https://zenodo.org/records/13319283
308,13320601,10.5281/zenodo.13320601,3717,1,"traits, active","Ax and Dörjes, 1966",https://zenodo.org/records/13320601
309,13319305,10.5281/zenodo.13319305,3714,1,"traits, active, taxonomic inference","Bruce, 1988",https://zenodo.org/records/13319305
310,13319080,10.5281/zenodo.13319080,3711,1,"traits, active",Jonkers et al 1997,https://zenodo.org/records/13319080
311,13319271,10.5281/zenodo.13319271,3710,1,"traits, active, taxonomic inference","Elofsson and Hessler, 1990",https://zenodo.org/records/13319271
312,13319221,10.5281/zenodo.13319221,3694,1,"traits, active, taxonomic inference","Buskey et al, 2012",https://zenodo.org/records/13319221
313,13319360,10.5281/zenodo.13319360,3689,1,"traits, active, taxonomic inference","Daniels et al, 2002",https://zenodo.org/records/13319360
314,13319275,10.5281/zenodo.13319275,3680,1,"traits, active, taxonomic inference","Yager, 1981",https://zenodo.org/records/13319275
315,13320493,10.5281/zenodo.13320493,3676,1,"traits, active, taxonomic inference","Kanzaki et al, 2017",https://zenodo.org/records/13320493
316,13319254,10.5281/zenodo.13319254,3661,1,"traits, active, taxonomic inference","Renous et al, 2007",https://zenodo.org/records/13319254
317,13320239,10.5281/zenodo.13320239,3654,1,"traits, active, taxonomic inference","Yoon et al, 2006",https://zenodo.org/records/13320239
318,13319217,10.5281/zenodo.13319217,3645,1,"traits, active, taxonomic inference","Lauga, 2006",https://zenodo.org/records/13319217
319,13319523,10.5281/zenodo.13319523,3643,1,"traits, active, taxonomic inference","Rintoul et al, 1999",https://zenodo.org/records/13319523
320,13319173,10.5281/zenodo.13319173,3643,1,"traits, active, taxonomic inference","Kolasa and Tyler, 2010",https://zenodo.org/records/13319173
321,13320205,10.5281/zenodo.13320205,3642,1,"traits, active, taxonomic inference","Francis, 1979",https://zenodo.org/records/13320205
322,13319203,10.5281/zenodo.13319203,3642,1,"traits, active, taxonomic inference","Grabowsky, 1994",https://zenodo.org/records/13319203
323,13320491,10.5281/zenodo.13320491,3633,1,"traits, active","NEWMAN AND CANNON, 1997",https://zenodo.org/records/13320491
324,13319365,10.5281/zenodo.13319365,3628,1,"traits, active, taxonomic inference","Kazilas et al, 2018",https://zenodo.org/records/13319365
325,13320228,10.5281/zenodo.13320228,3616,1,"traits, active, taxonomic inference","Govindarajan et al, 2011",https://zenodo.org/records/13320228
326,13319188,10.5281/zenodo.13319188,3614,1,"traits, active, taxonomic inference","Burr and Robinson, 2004",https://zenodo.org/records/13319188
327,13319209,10.5281/zenodo.13319209,3610,1,"traits, active, taxonomic inference","CLARK, 2019",https://zenodo.org/records/13319209
328,13320379,10.5281/zenodo.13320379,3606,1,"traits, active, taxonomic inference","Cartwright, 2003",https://zenodo.org/records/13320379
329,13319052,10.5281/zenodo.13319052,3605,1,"traits, active","Negrin et al, 2019",https://zenodo.org/records/13319052
330,13319362,10.5281/zenodo.13319362,3589,1,"traits, active","Roscito and Rodrigues, 2012",https://zenodo.org/records/13319362
331,13319568,10.5281/zenodo.13319568,3581,1,"traits, active, taxonomic inference","Hunt et al, 2009",https://zenodo.org/records/13319568
332,13320335,10.5281/zenodo.13320335,3575,1,"traits, active, taxonomic inference","Sorensen et al, 2008",https://zenodo.org/records/13320335
333,13319423,10.5281/zenodo.13319423,3575,1,"traits, active, taxonomic inference",Bone and James 1993,https://zenodo.org/records/13319423
334,13319346,10.5281/zenodo.13319346,3566,1,"traits, active, taxonomic inference","Higgins, 1960",https://zenodo.org/records/13319346
335,13319064,10.5281/zenodo.13319064,3545,1,"traits, active","Trova et al, 1994",https://zenodo.org/records/13319064
336,13319517,10.5281/zenodo.13319517,3538,1,"traits, active, taxonomic inference","Rogers et al, 1980",https://zenodo.org/records/13319517
337,13320355,10.5281/zenodo.13320355,3535,1,"traits, active, taxonomic inference","Chia, 1966",https://zenodo.org/records/13320355
338,13320209,10.5281/zenodo.13320209,3525,1,"traits, active, taxonomic inference","McFadden et al, 2010",https://zenodo.org/records/13320209
339,13319120,10.5281/zenodo.13319120,3516,1,"traits, active, taxonomic inference","Ashley-Ross, 1994",https://zenodo.org/records/13319120
340,13320329,10.5281/zenodo.13320329,3487,1,"traits, active, taxonomic inference","Fuchs et al, 2010",https://zenodo.org/records/13320329
341,13319586,10.5281/zenodo.13319586,3479,1,"traits, active, taxonomic inference","Owens and Lewis, 2018",https://zenodo.org/records/13319586
342,13319415,10.5281/zenodo.13319415,3472,1,"traits, active, taxonomic inference","Cubo, 2000",https://zenodo.org/records/13319415
343,13319025,10.5281/zenodo.13319025,3462,1,"traits, active","Lesser et al, 2004",https://zenodo.org/records/13319025
344,13319431,10.5281/zenodo.13319431,3450,1,"traits, active, taxonomic inference",Mackenzie 2003,https://zenodo.org/records/13319431
345,13319240,10.5281/zenodo.13319240,3430,1,"traits, active, taxonomic inference","Coe, 1927",https://zenodo.org/records/13319240
346,13319108,10.5281/zenodo.13319108,3401,1,"traits, active","Park et al, 2017",https://zenodo.org/records/13319108
347,13320341,10.5281/zenodo.13320341,3388,1,"traits, active","Herranz et al, 2021",https://zenodo.org/records/13320341
348,13320311,10.5281/zenodo.13320311,3376,1,"traits, active, taxonomic inference","Suzuki et al, 2010",https://zenodo.org/records/13320311
349,13319009,10.5281/zenodo.13319009,3364,1,"traits, active, taxonomic inference",Stanier and Cohen-Bazire 1977,https://zenodo.org/records/13319009
350,13320349,10.5281/zenodo.13320349,3356,1,"traits, active, taxonomic inference","Berking, 2007",https://zenodo.org/records/13320349
351,13320212,10.5281/zenodo.13320212,3355,1,"traits, active, taxonomic inference","Ryland, 1997",https://zenodo.org/records/13320212
352,13319592,10.5281/zenodo.13319592,3353,1,"traits, active","Wcislo et al, 2004",https://zenodo.org/records/13319592
353,13320232,10.5281/zenodo.13320232,3334,1,"traits, active, taxonomic inference","Robin et al, 2018",https://zenodo.org/records/13320232
354,13320261,10.5281/zenodo.13320261,3329,1,"traits, active, taxonomic inference","Panganiban et al, 1997",https://zenodo.org/records/13320261
355,13320243,10.5281/zenodo.13320243,3323,1,"traits, active","Alava and Aguirre, 2005",https://zenodo.org/records/13320243
356,13319590,10.5281/zenodo.13319590,3314,1,"traits, active, taxonomic inference","Steinbauer and Weir, 2007",https://zenodo.org/records/13319590
357,13320195,10.5281/zenodo.13320195,3313,1,"traits, active, taxonomic inference","Paul and Smith,  1984",https://zenodo.org/records/13320195
358,13319244,10.5281/zenodo.13319244,3312,1,"traits, active, taxonomic inference",Sundberg and Gibson 2007,https://zenodo.org/records/13319244
359,13320265,10.5281/zenodo.13320265,3307,1,"traits, active, taxonomic inference","Marshall and Valentine, 2010",https://zenodo.org/records/13320265
360,13319144,10.5281/zenodo.13319144,3294,1,"traits, active, taxonomic inference","Snyder, 1952",https://zenodo.org/records/13319144
361,13320313,10.5281/zenodo.13320313,3289,1,"traits, active, taxonomic inference","Littlewood and Bray, 2000",https://zenodo.org/records/13320313
362,13319158,10.5281/zenodo.13319158,3283,1,"traits, active, taxonomic inference","Wyneken, 1996",https://zenodo.org/records/13319158
363,13319570,10.5281/zenodo.13319570,3282,1,"traits, active, taxonomic inference","Iwaniuk et al, 2020",https://zenodo.org/records/13319570
364,13319407,10.5281/zenodo.13319407,3282,1,"traits, active, taxonomic inference","Wilkinson et al, 2003",https://zenodo.org/records/13319407
365,13320236,10.5281/zenodo.13320236,3270,1,"traits, active, taxonomic inference","Lavrov et al, 2004",https://zenodo.org/records/13320236
366,13320299,10.5281/zenodo.13320299,3262,1,"traits, active, taxonomic inference","Strand and Sundberg, 2015",https://zenodo.org/records/13320299
367,13320263,10.5281/zenodo.13320263,3259,1,"traits, active, taxonomic inference","Ma et al, 2010",https://zenodo.org/records/13320263
368,13319056,10.5281/zenodo.13319056,3259,1,"traits, active","Okoli et al, 2012",https://zenodo.org/records/13319056
369,13320226,10.5281/zenodo.13320226,3253,1,"traits, active, taxonomic inference","Hageman, 2003",https://zenodo.org/records/13320226
370,13320281,10.5281/zenodo.13320281,3250,1,"traits, active, taxonomic inference","Littlewood et al, 1998",https://zenodo.org/records/13320281
371,13320361,10.5281/zenodo.13320361,3249,1,"traits, active, taxonomic inference","Dunn et al, 2015",https://zenodo.org/records/13320361
372,13319401,10.5281/zenodo.13319401,3246,1,"traits, active, taxonomic inference","Nussbaum, 1985",https://zenodo.org/records/13319401
373,13320255,10.5281/zenodo.13320255,3241,1,"traits, active, taxonomic inference","Edmondst, 2000",https://zenodo.org/records/13320255
374,13320309,10.5281/zenodo.13320309,3229,1,"traits, active, taxonomic inference","Halanych, 1996",https://zenodo.org/records/13320309
375,13320269,10.5281/zenodo.13320269,3217,1,"traits, active, taxonomic inference","Kanneby, 2016",https://zenodo.org/records/13320269
376,13319140,10.5281/zenodo.13319140,3201,1,"traits, active, taxonomic inference","Lindsey, 1978",https://zenodo.org/records/13319140
377,13320301,10.5281/zenodo.13320301,3189,1,"traits, active, taxonomic inference","Altman, 1965",https://zenodo.org/records/13320301
378,13320197,10.5281/zenodo.13320197,3189,1,"traits, active, taxonomic inference","Smirnov, 2014",https://zenodo.org/records/13320197
379,13319060,10.5281/zenodo.13319060,3184,1,"traits, active","Baumann et al, 1995",https://zenodo.org/records/13319060
380,13319054,10.5281/zenodo.13319054,3157,1,"traits, active","Bogo and Mantle, 2000",https://zenodo.org/records/13319054
381,13319068,10.5281/zenodo.13319068,3151,1,"traits, active","Steinke et al, 2018",https://zenodo.org/records/13319068
382,13320283,10.5281/zenodo.13320283,3142,1,"traits, active, taxonomic inference","Boyle and Rice, 2018",https://zenodo.org/records/13320283
383,13319405,10.5281/zenodo.13319405,3139,1,"traits, active, taxonomic inference","Wilkinson et al, 2011",https://zenodo.org/records/13319405
384,13320333,10.5281/zenodo.13320333,3118,1,"traits, active, taxonomic inference","Emig, 1985",https://zenodo.org/records/13320333
385,13319572,10.5281/zenodo.13319572,3109,1,"traits, active","Le Duc et al, 2015",https://zenodo.org/records/13319572
386,13319102,10.5281/zenodo.13319102,3100,1,"traits, active","Martin, 2000",https://zenodo.org/records/13319102
387,13319156,10.5281/zenodo.13319156,3096,1,"traits, active, taxonomic inference","Gatesy & Middleton, 1997",https://zenodo.org/records/13319156
388,13319122,10.5281/zenodo.13319122,3088,1,"traits, active, taxonomic inference","Lovegrove and Haines, 2004",https://zenodo.org/records/13319122
389,13319152,10.5281/zenodo.13319152,3083,1,"traits, active, taxonomic inference","HABIB, 2010",https://zenodo.org/records/13319152
390,13320287,10.5281/zenodo.13320287,3082,1,"traits, active, taxonomic inference","Schmidt-Rhaesa, 2012",https://zenodo.org/records/13320287
391,13319132,10.5281/zenodo.13319132,3054,1,"traits, active, taxonomic inference","Lovegrove, 2004",https://zenodo.org/records/13319132
392,13319070,10.5281/zenodo.13319070,3052,1,"traits, active","Vettikkat et al, 2020",https://zenodo.org/records/13319070
393,13319106,10.5281/zenodo.13319106,3042,1,"traits, active","Jori et al, 1998",https://zenodo.org/records/13319106
394,13319130,10.5281/zenodo.13319130,3030,1,"traits, active, taxonomic inference","Hatt, 1932",https://zenodo.org/records/13319130
395,13319242,10.5281/zenodo.13319242,3017,1,"traits, active, taxonomic inference","Norenburg, 1985",https://zenodo.org/records/13319242
396,13319148,10.5281/zenodo.13319148,3005,1,"traits, active, taxonomic inference","Garland and Losos, 1994",https://zenodo.org/records/13319148
397,13319078,10.5281/zenodo.13319078,2961,1,"traits, active",Stensmyr et al 2002,https://zenodo.org/records/13319078
398,13319072,10.5281/zenodo.13319072,2930,1,"traits, active","Geng and Mu, 2005",https://zenodo.org/records/13319072
399,13319142,10.5281/zenodo.13319142,2911,1,"traits, active, taxonomic inference","Schaefer and Summers, 2005",https://zenodo.org/records/13319142
400,13313676,10.5281/zenodo.13313676,2868,1,"traits, media, descriptions, active, textmining",World Register of Marine Species,https://zenodo.org/records/13313676
401,13319248,10.5281/zenodo.13319248,2865,1,"traits, active, taxonomic inference","Moore and Gibson, 1981",https://zenodo.org/records/13319248
402,13319136,10.5281/zenodo.13319136,2852,1,"traits, active, taxonomic inference","Webb, 1984",https://zenodo.org/records/13319136
403,13319150,10.5281/zenodo.13319150,2835,1,"traits, active, taxonomic inference","Johnsgard, 1962",https://zenodo.org/records/13319150
404,13319126,10.5281/zenodo.13319126,2786,1,"traits, active, taxonomic inference","Alexander, 2004",https://zenodo.org/records/13319126
405,13319146,10.5281/zenodo.13319146,2759,1,"traits, active, taxonomic inference","Shen et al, 2010: Shen, 2010",https://zenodo.org/records/13319146
406,13319124,10.5281/zenodo.13319124,2746,1,"traits, active, taxonomic inference","Biewener, 1989",https://zenodo.org/records/13319124
407,13319138,10.5281/zenodo.13319138,2740,1,"traits, active, taxonomic inference","Hove et al, 2001",https://zenodo.org/records/13319138
408,13318052,10.5281/zenodo.13318052,2462,1,"traits, active",Metrics: Data Hubs data coverage - genus level,https://zenodo.org/records/13318052
409,14890088,10.5281/zenodo.14890088,1749,1,"traits, geography, media, descriptions, active, textmining",Comparative Cytogenetics: Comparative Cytogenetics (554),https://zenodo.org/records/14890088
410,13318040,10.5281/zenodo.13318040,844,1,"traits, active",Metrics: Data Hubs data coverage - family level,https://zenodo.org/records/13318040
411,18673514,10.5281/zenodo.18673514,0,0,"traits, descriptions, media, active",WoRMS internal: World Register of Marine Species,https://zenodo.org/records/18673514
